市場,代號,名稱,資料日期,幣別,收盤,漲跌%,MA5,MA20,MA60,技術分數,狀態
TW,2330,台積電,—,TWD,,,,,,,尚未更新
TW,2303,聯電,—,TWD,,,,,,,尚未更新
TW,8299,群聯,—,TWD,,,,,,,尚未更新
TW,2344,華邦電,—,TWD,,,,,,,尚未更新
TW,2408,南亞科,—,TWD,,,,,,,尚未更新
TW,2308,台達電,—,TWD,,,,,,,尚未更新
TW,3035,智原,—,TWD,,,,,,,尚未更新
TW,3443,創意,—,TWD,,,,,,,尚未更新
TW,2454,聯發科,—,TWD,,,,,,,尚未更新
TW,0052,富邦科技ETF,—,TWD,,,,,,,尚未更新
TW,2317,鴻海,—,TWD,,,,,,,尚未更新
TW,4991,環宇-KY,—,TWD,,,,,,,等待本機登入資料設定
TW,4979,華星光,—,TWD,,,,,,,等待本機登入資料設定
TW,3363,上詮,—,TWD,,,,,,,等待本機登入資料設定
TW,3163,波若威,—,TWD,,,,,,,等待本機登入資料設定
TW,3081,聯亞,—,TWD,,,,,,,等待本機登入資料設定
TW,6442,光聖,—,TWD,,,,,,,等待本機登入資料設定
TW,2455,全新,—,TWD,,,,,,,等待本機登入資料設定
TW,4977,眾達-KY,—,TWD,,,,,,,等待本機登入資料設定
TW,3234,光環,—,TWD,,,,,,,等待本機登入資料設定
TW,4908,前鼎,—,TWD,,,,,,,等待本機登入資料設定
TW,3450,聯鈞,—,TWD,,,,,,,等待本機登入資料設定
US,LITE,Lumentum,2026-09-25,USD,941.6500244140625,1.3573201030050441,941.5699951171875,911.6960021972657,840.7969177246093,80,完成
US,COHR,Coherent,2026-09-25,USD,295.8299865722656,1.796222251065549,303.7899963378906,290.38800048828125,299.7470011393229,40,完成
US,AAOI,Applied Optoelectronics,2026-09-25,USD,101.4000015258789,0.366230576118598,103.83199920654297,103.23299980163574,112.44933331807455,20,完成
US,FN,Fabrinet,2026-09-25,USD,417.3900146484375,4.777093582850833,404.3940002441406,401.08999786376955,459.3934992472331,40,完成
US,CIEN,Ciena,2026-09-25,USD,356.9100036621094,-0.42406858932890756,361.15399780273435,348.54349822998046,386.37049967447916,40,完成
US,GLW,Corning,2026-09-25,USD,156.74000549316406,1.680189230768936,156.80799865722656,153.24700088500975,158.11166699727377,40,完成
US,AVGO,Broadcom,2026-09-25,USD,352.80999755859375,0.6992842531868604,357.0719970703125,358.03199615478513,377.8008321126302,0,完成
US,MRVL,Marvell,2026-09-25,USD,261.94000244140625,1.1546592366964203,260.3059997558594,232.8890007019043,221.6509999593099,80,完成
US,MTSI,MACOM,2026-09-25,USD,285.57000732421875,0.22110089050835224,281.0299987792969,268.0679985046387,278.978498840332,60,完成
US,SMTC,Semtech,2026-09-25,USD,182.3000030517578,4.469915788972956,175.56600036621094,158.6500015258789,139.78216679890951,80,完成
